metric_name,display_name,table,grain,description,metric_status,owner_contact
category_visits,Category Visits,storm-wall-185017.retail_travel_gold.datamart_retail_travel_l0_funnel_dashboard,user-day,Users who entered the Travel Insurance section. Always filter partitioned `date`. Ask attributed vs non-attributed before querying.,active,parth.trivedi@acko.tech
visits,Visits,storm-wall-185017.retail_travel_gold.datamart_retail_travel_l0_funnel_dashboard,user-day,Users who viewed a travel plan/quote landing page. Subset of category visits.,active,parth.trivedi@acko.tech
entries,Entries,storm-wall-185017.retail_travel_gold.datamart_retail_travel_l0_funnel_dashboard,user-day,Users who started filling the travel quote form. Subset of visits.,active,parth.trivedi@acko.tech
quotes,Quotes,storm-wall-185017.retail_travel_gold.datamart_retail_travel_l0_funnel_dashboard,user-day,Users who received a quote (premium shown). Subset of entries.,active,parth.trivedi@acko.tech
sales,Sales (Policies Sold),storm-wall-185017.retail_travel_gold.datamart_retail_travel_l0_funnel_dashboard,user-day,Policies purchased. Subset of quotes. Use with attribution flag to attribute correctly.,active,parth.trivedi@acko.tech
v2e_conversion,V2E Conversion %,storm-wall-185017.retail_travel_gold.datamart_retail_travel_l0_funnel_dashboard,user-day,Entries / Visits. State numerator and denominator.,active,parth.trivedi@acko.tech
e2q_conversion,E2Q Conversion %,storm-wall-185017.retail_travel_gold.datamart_retail_travel_l0_funnel_dashboard,user-day,Quotes / Entries.,active,parth.trivedi@acko.tech
q2s_conversion,Q2S Conversion %,storm-wall-185017.retail_travel_gold.datamart_retail_travel_l0_funnel_dashboard,user-day,Sales / Quotes.,active,parth.trivedi@acko.tech
v2s_conversion,V2S (Overall) Conversion %,storm-wall-185017.retail_travel_gold.datamart_retail_travel_l0_funnel_dashboard,user-day,Sales / Visits. End-to-end conversion.,active,parth.trivedi@acko.tech
policy_count,Policy Count (NOP),storm-wall-185017.retail_travel_gold.datamart_retail_travel_policy_dashboard,policy,COUNT(DISTINCT policyid). Post-payment only. Includes all policy_status values by default (state this caveat).,active,parth.trivedi@acko.tech
member_count,Insured Member Count,storm-wall-185017.retail_travel_gold.datamart_retail_travel_policy_dashboard,insured,COUNT(DISTINCT insuredid). Never use member count as proxy for policy count — they differ.,active,parth.trivedi@acko.tech
gwp,GWP (Gross Written Premium),storm-wall-185017.retail_travel_gold.datamart_retail_travel_policy_dashboard,policy,SUM(policy_gwp_1). Revenue metric. Post-payment only.,active,parth.trivedi@acko.tech
ats,ATS (Average Ticket Size),storm-wall-185017.retail_travel_gold.datamart_retail_travel_policy_dashboard,policy,SAFE_DIVIDE(SUM(policy_gwp_1) / COUNT(DISTINCT policyid)). Premium per policy.,active,parth.trivedi@acko.tech
addon_pct,Add-on Attach %,storm-wall-185017.retail_travel_gold.datamart_retail_travel_policy_dashboard,policy,"SAFE_DIVIDE(COUNT(DISTINCT IF(addon_flag=1, policyid, NULL)), COUNT(DISTINCT policyid)).",active,parth.trivedi@acko.tech
claim_count,Claim Count,storm-wall-185017.DataMigrator.jarvis_claim + storm-wall-185017.retail_travel_gold.fact_retail_travel_policy,claim,COUNT of approved claims by cover and destination. Use count-only pattern.,active,parth.trivedi@acko.tech
paid_claim_amount,Paid Claim Amount,storm-wall-185017.DataMigrator.jarvis_claim + storm-wall-185017.DataMigrator.jarvis_payment + storm-wall-185017.AnalyticsCommon.International_Travel_Insured_Level_v1,claim,Sum of paid amounts for completed full-indemnity claims. Use approved paid-claims pattern only.,active,parth.trivedi@acko.tech
