metric_name,display_name,table,grain,description,actual_column,metric_status,owner_contact
escalation_volume,Escalation Volume,storm-wall-185017.cs_gold.datamart_escalation_enriched,ticket,COUNT(DISTINCT ticket_id) of escalation tickets in the period.,ticket_id,active,anurag.gupta1@acko.tech
escalation_by_lob,Escalation by LOB,storm-wall-185017.cs_gold.datamart_escalation_enriched,ticket,"Escalation volume grouped by escalation_lob. Confirm live values with SELECT DISTINCT escalation_lob before filtering — bare names like 'Auto' not numeric prefixes.",escalation_lob,active,anurag.gupta1@acko.tech
claim_vs_nonclaim,Claim vs Non-Claim Split,storm-wall-185017.cs_gold.datamart_escalation_enriched,ticket,"Claim = total_claim_cnt > 0. No dedicated claim_flag column exists. Non-claim = total_claim_cnt = 0 OR NULL.",total_claim_cnt,active,anurag.gupta1@acko.tech
tat_adherence_pct,TAT Adherence % (proxy),storm-wall-185017.cs_gold.datamart_escalation_enriched,ticket,"No tat_sla_flag column. Use resolution_tat_bucket as SLA proxy. '<24H' bucket = within SLA for most LOBs. Confirm SLA definition with anurag.gupta1 before publishing.",resolution_tat_bucket,active,anurag.gupta1@acko.tech
resolution_time_p50,Resolution Time P50 (hrs),storm-wall-185017.cs_gold.datamart_escalation_enriched,ticket,Median hours to resolution. Column: resolution_tat_hrs (INT64).,resolution_tat_hrs,active,anurag.gupta1@acko.tech
resolution_time_p90,Resolution Time P90 (hrs),storm-wall-185017.cs_gold.datamart_escalation_enriched,ticket,90th percentile hours to resolution. Compute via PERCENTILE_CONT on resolution_tat_hrs.,resolution_tat_hrs,active,anurag.gupta1@acko.tech
resolution_time_band,Resolution Time Band Distribution,storm-wall-185017.cs_gold.datamart_escalation_enriched,ticket,"Tickets bucketed by resolution_tat_bucket. Live values confirmed: '1. <24H', '2. <48H', '3. <72H', '4. <7D', '5. <15D', '6. <30D', '7. <60D', '9.Pending'.",resolution_tat_bucket,active,anurag.gupta1@acko.tech
disputed_tickets,Disputed Tickets,storm-wall-185017.cs_gold.datamart_escalation_enriched,ticket,"COUNT where disputed_flag = TRUE. Column type is BOOL — use = TRUE not = 1.",disputed_flag,active,anurag.gupta1@acko.tech
undisputed_tickets,Undisputed Tickets,storm-wall-185017.cs_gold.datamart_escalation_enriched,ticket,"COUNT where disputed_flag = FALSE. Column type is BOOL.",disputed_flag,active,anurag.gupta1@acko.tech
reopened_tickets,Reopened Tickets,storm-wall-185017.cs_gold.datamart_escalation_enriched,ticket,"No reopened_flag column. Derive: reopened_at IS NOT NULL. Aug 2026 confirmed: 753 reopened.",reopened_at,active,anurag.gupta1@acko.tech
pending_tickets,Pending Tickets,storm-wall-185017.cs_gold.datamart_escalation_enriched,ticket,"Open/unresolved tickets. Use resolution_tat_bucket = '9.Pending' OR filter by status field.",status,active,anurag.gupta1@acko.tech
irdai_exposure,IRDAI Regulatory Exposure,storm-wall-185017.cs_gold.datamart_escalation_enriched,ticket,COUNT of tickets flagged for IRDAI/regulatory reporting. Confirm column name with data team before querying.,TBD,active,anurag.gupta1@acko.tech
csat_score,CSAT Score,storm-wall-185017.cs_gold.datamart_escalation_enriched,ticket,Average CSAT rating on resolved escalation tickets. Confirm column name with data team.,TBD,active,anurag.gupta1@acko.tech
l0_pain_point,L0 Pain Point Theme,storm-wall-185017.cs_gold.ticket_timeline_json,ticket,Top-level VOC theme from ticket_timeline_json ABSA classification.,TBD,active,anurag.gupta1@acko.tech
l1_pain_point,L1 Pain Point Theme,storm-wall-185017.cs_gold.ticket_timeline_json,ticket,Second-level VOC theme from ticket_timeline_json.,TBD,active,anurag.gupta1@acko.tech
escalation_per_1k_claims,Escalation per 1K Claims,storm-wall-185017.cs_gold.datamart_escalation_enriched + cs_gold.fact_claim_month,lob-month,Normalized escalation rate: escalations / (total claims / 1000). LOB name mapping between tables needs validation before production.,ticket_id,active,anurag.gupta1@acko.tech
